algo,variant,dataset,mode,ram_cap_bytes,params_json,threads,n_trials,recall10_median,recall10_iqr,mean_ms_median,mean_ms_iqr,qps_median,qps_iqr,bytes_read_per_query_median,bytes_read_per_query_iqr,bytes_per_query_app_median,bytes_per_query_app_iqr,ios_per_query_median,ios_per_query_iqr,p95_ms_median,p95_ms_iqr,p99_ms_median,p99_ms_iqr,p999_ms_median,p999_ms_iqr
tapeann,tape_int8,sift10m,warm,,"{""probes"": 10}",1,3,75.678,0.0,0.3456,0.0127,2893.3168,102.9028,0.0,0.0,1834845.4,0.0,10.0,0.0,0.5783,0.0225,0.8188,0.0304,1.0642,0.0783
tapeann,tape_int8,sift10m,warm,,"{""probes"": 15}",1,3,81.961,0.0,0.4767,0.027,2097.6502,119.3463,0.0,0.0,2728652.4,0.0,15.0,0.0,0.8189,0.0333,1.1558,0.053,1.4435,0.0993
tapeann,tape_int8,sift10m,warm,,"{""probes"": 20}",1,3,85.753,0.0,0.5978,0.0117,1672.7218,32.7067,0.0,0.0,3614573.4,0.0,20.0,0.0,1.023,0.041,1.4351,0.0843,1.7897,0.2084
tapeann,tape_int8,sift10m,warm,,"{""probes"": 25}",1,3,88.353,0.0,0.7518,0.0333,1330.08,60.758,0.0,0.0,4490868.3,0.0,25.0,0.0,1.2995,0.0403,1.8335,0.059,2.3499,0.0663
tapeann,tape_int8,sift10m,warm,,"{""probes"": 30}",1,3,90.128,0.0,0.8879,0.0091,1126.1895,11.5064,0.0,0.0,5360564.6,0.0,30.0,0.0,1.5375,0.0079,2.1505,0.0332,2.7948,0.1351
tapeann,tape_int8,sift10m,warm,,"{""probes"": 35}",1,3,91.499,0.0,1.025,0.0187,975.564,17.9748,0.0,0.0,6224980.4,0.0,35.0,0.0,1.7966,0.0441,2.4991,0.0898,3.1809,0.2845
tapeann,tape_int8,sift10m,warm,,"{""probes"": 40}",1,3,92.549,0.0,1.1639,0.0133,859.1459,9.8552,0.0,0.0,7084514.9,0.0,40.0,0.0,2.0344,0.0431,2.8344,0.0418,3.5013,0.0614
tapeann,tape_int8,sift10m,warm,,"{""probes"": 50}",1,3,94.044,0.0,1.4356,0.0301,696.5556,14.7355,0.0,0.0,8788229.7,0.0,50.0,0.0,2.499,0.0584,3.4625,0.1135,4.1663,0.1631
tapeann,tape_int8,sift10m,warm,,"{""probes"": 70}",1,3,95.858,0.0,2.0322,0.049,492.0813,11.9385,0.0,0.0,12156692.1,0.0,70.0,0.0,3.4996,0.0858,4.7706,0.1193,5.8199,0.15
tapeann,tape_int8,sift10m,warm,,"{""probes"": 100}",1,3,97.158,0.0,2.9664,0.0945,337.1118,10.5907,0.0,0.0,17136076.4,0.0,100.0,0.0,5.0787,0.1898,6.6089,0.4107,7.6291,0.6514
tapeann,tape_int8,sift10m,warm,,"{""probes"": 150}",1,3,98.029,0.0,4.6792,0.1131,213.7119,5.2079,0.0,0.0,25298538.5,0.0,150.0,0.0,7.4229,0.1403,9.2955,0.1403,10.4648,0.8834
tapeann,tape_int8,sift10m,warm,,"{""probes"": 200}",1,3,98.409,0.0,6.1641,0.2057,162.2288,5.4439,0.0,0.0,33347978.9,0.0,200.0,0.0,9.5621,0.2794,11.7065,0.3866,13.1006,0.0667
tapeann,tape_int8,sift10m,warm,,"{""probes"": 300}",1,3,98.704,0.0,9.0535,0.144,110.4539,1.784,0.0,0.0,49240021.4,0.0,300.0,0.0,13.5093,0.1975,15.9927,0.0819,18.3206,0.7049
tapeann,tape_int8,sift10m,warm,,"{""probes"": 500}",1,3,98.853,0.0,14.5493,0.0162,68.7317,0.0768,0.0,0.0,80516422.9,0.0,500.0,0.0,20.8647,0.1348,23.5736,0.3249,27.11,1.4163
tapeann,tape_int8,sift10m,warm,,"{""probes"": 750}",1,3,98.881,0.0,21.1737,0.0421,47.2284,0.0936,0.0,0.0,119079824.6,0.0,750.0,0.0,29.3506,0.0377,32.7577,0.2065,38.4837,1.8421
tapeann,tape_int8,sift10m,warm,,"{""probes"": 1000}",1,3,98.889,0.0,27.561,0.0965,36.2832,0.1268,0.0,0.0,157302132.7,0.0,1000.0,0.0,37.3645,0.1516,40.9328,0.4406,46.7961,0.268
diskann,diskann_fp32_pq64,sift10m,warm,,"{""L"": 10, ""W"": 1}",1,3,79.128,0.0,1.015,0.0084,984.5397,8.259,137756.3,64810.2,73893.1,0.0,18.0403,0.0,1.343,0.034,,,2.841,0.863
diskann,diskann_fp32_pq64,sift10m,warm,,"{""L"": 10, ""W"": 2}",1,3,80.444,0.0,0.7122,0.0022,1402.7823,4.4135,142143.1,53.7,90361.4,0.0,22.0609,0.0,0.951,0.004,,,3.13,0.858
diskann,diskann_fp32_pq64,sift10m,warm,,"{""L"": 10, ""W"": 4}",1,3,82.401,0.0,0.5891,0.0036,1695.3853,10.3094,152415.8,0.0,125155.3,0.0,30.5555,0.0,0.809,0.005,,,2.134,0.752
diskann,diskann_fp32_pq64,sift10m,warm,,"{""L"": 20, ""W"": 1}",1,3,90.878,0.0,1.6637,0.0101,600.7871,3.6236,175625.0,0.0,112566.3,0.0,27.482,0.0,1.999,0.023,,,4.805,0.567
diskann,diskann_fp32_pq64,sift10m,warm,,"{""L"": 20, ""W"": 2}",1,3,91.39,0.0,1.0789,0.0031,926.2366,2.6609,178965.3,0.0,127905.4,0.0,31.2269,0.0,1.322,0.006,,,3.561,0.471
diskann,diskann_fp32_pq64,sift10m,warm,,"{""L"": 20, ""W"": 4}",1,3,92.312,0.0,0.7922,0.0078,1261.2211,12.4207,186952.5,206.4,160444.4,0.0,39.171,0.0,1.018,0.008,,,2.354,0.857
diskann,diskann_fp32_pq64,sift10m,warm,,"{""L"": 30, ""W"": 1}",1,3,94.566,0.0,2.3448,0.3161,426.3337,50.9926,214188.4,108.1,151937.0,0.0,37.094,0.0,2.693,1.657,,,6.467,16.939
diskann,diskann_fp32_pq64,sift10m,warm,,"{""L"": 30, ""W"": 2}",1,3,94.781,0.0,1.4588,0.0099,685.1373,4.6335,216896.3,0.0,166566.7,0.0,40.6657,0.0,1.703,0.014,,,4.591,0.921
diskann,diskann_fp32_pq64,sift10m,warm,,"{""L"": 30, ""W"": 4}",1,3,95.183,0.0,1.0122,0.0027,987.2637,2.63,223399.5,59.4,197390.7,0.0,48.1911,0.0,1.248,0.012,,,3.317,0.223
diskann,diskann_fp32_pq64,sift10m,warm,,"{""L"": 50, ""W"": 1}",1,3,97.409,0.0,3.6731,0.0018,272.1869,0.1343,292372.5,109.4,231785.3,0.0,56.5882,0.0,4.034,0.029,,,7.907,0.176
diskann,diskann_fp32_pq64,sift10m,warm,,"{""L"": 50, ""W"": 2}",1,3,97.467,0.0,2.2361,0.0022,447.04,0.4442,294491.3,0.0,245695.3,0.0,59.9842,0.0,2.504,0.008,,,5.955,0.065
diskann,diskann_fp32_pq64,sift10m,warm,,"{""L"": 50, ""W"": 4}",1,3,97.624,0.0,1.4585,0.0092,685.2543,4.3549,299365.6,305.2,274655.6,0.0,67.0546,0.0,1.71,0.015,,,4.067,0.52
diskann,diskann_fp32_pq64,sift10m,warm,,"{""L"": 75, ""W"": 1}",1,3,98.723,0.0,5.3766,0.0289,185.9616,0.998,391361.7,128.6,333033.1,0.0,81.3069,0.0,5.862,0.026,,,10.549,0.654
diskann,diskann_fp32_pq64,sift10m,warm,,"{""L"": 75, ""W"": 2}",1,3,98.739,0.0,3.205,0.0042,311.9323,0.4074,393035.0,189.7,346318.8,0.0,84.5505,0.0,3.515,0.019,,,7.293,0.299
diskann,diskann_fp32_pq64,sift10m,warm,,"{""L"": 75, ""W"": 4}",1,3,98.801,0.0,2.0171,0.0041,495.5657,0.9929,396582.1,310.5,374020.5,0.0,91.3136,0.0,2.313,0.029,,,5.739,0.269
diskann,diskann_fp32_pq64,sift10m,warm,,"{""L"": 100, ""W"": 1}",1,3,99.26,0.0,7.0858,0.0492,141.1089,0.9788,490903.1,126.9,434739.6,0.0,106.1376,0.0,7.729,0.109,,,13.236,0.395
diskann,diskann_fp32_pq64,sift10m,warm,,"{""L"": 100, ""W"": 2}",1,3,99.278,0.0,4.1961,0.0047,238.2691,0.2689,492197.1,0.0,447564.6,0.0,109.2687,0.0,4.592,0.027,,,8.377,0.73
diskann,diskann_fp32_pq64,sift10m,warm,,"{""L"": 100, ""W"": 4}",1,3,99.301,0.0,2.6122,0.002,382.6926,0.2912,495341.6,0.0,474356.1,0.0,115.8096,0.0,2.942,0.02,,,6.371,0.31
diskann,diskann_fp32_pq64,sift10m,warm,,"{""L"": 150, ""W"": 1}",1,3,99.682,0.0,10.522,0.0367,95.031,0.3318,690164.1,69.6,638560.7,0.0,155.8986,0.0,11.389,0.056,,,21.073,4.616
diskann,diskann_fp32_pq64,sift10m,warm,,"{""L"": 150, ""W"": 2}",1,3,99.688,0.0,6.1764,0.0274,161.8832,0.7213,691098.0,0.0,650841.3,0.0,158.8968,0.0,6.732,0.073,,,11.85,1.179
diskann,diskann_fp32_pq64,sift10m,warm,,"{""L"": 150, ""W"": 4}",1,3,99.692,0.0,3.7497,0.0035,266.6281,0.249,693449.5,0.0,676480.6,0.0,165.1564,0.0,4.176,0.05,,,7.785,0.227
diskann,diskann_fp32_pq64,sift10m,warm,,"{""L"": 200, ""W"": 1}",1,3,99.827,0.0,13.9195,0.1181,71.8369,0.605,889643.4,123.7,842708.6,0.0,205.7394,0.0,15.059,0.045,,,23.095,34.395
diskann,diskann_fp32_pq64,sift10m,warm,,"{""L"": 200, ""W"": 2}",1,3,99.829,0.0,8.1279,0.0308,123.0189,0.4659,890369.6,6.1,854631.2,0.0,208.6502,0.0,8.822,0.083,,,14.531,0.307
diskann,diskann_fp32_pq64,sift10m,warm,,"{""L"": 200, ""W"": 4}",1,3,99.833,0.0,4.9105,0.0181,203.6084,0.7484,892105.9,298.6,879498.4,0.0,214.7213,0.0,5.472,0.102,,,9.445,0.218
diskann,diskann_fp32_pq64,sift10m,warm,,"{""L"": 300, ""W"": 1}",1,3,99.925,0.0,20.7372,0.0987,48.2202,0.2299,1289097.6,0.0,1251497.2,0.0,305.5413,0.0,22.393,0.117,,,32.846,0.669
diskann,diskann_fp32_pq64,sift10m,warm,,"{""L"": 300, ""W"": 2}",1,3,99.925,0.0,12.0773,0.0254,82.7932,0.1742,1289436.8,195.3,1262893.9,0.0,308.3237,0.0,13.095,0.057,,,22.865,1.806
diskann,diskann_fp32_pq64,sift10m,warm,,"{""L"": 300, ""W"": 4}",1,3,99.926,0.0,7.23,0.0054,138.294,0.1028,1290836.0,274.1,1286679.8,0.0,314.1308,0.0,7.965,0.053,,,13.49,0.435
diskann,diskann_uint8_pq32,sift10m,warm,,"{""L"": 10, ""W"": 1}",1,3,68.038,0.0,1.0247,0.0043,975.187,4.0797,139125.6,32393.6,75481.1,0.0,18.428,0.0,1.378,0.015,,,3.61,0.432
diskann,diskann_uint8_pq32,sift10m,warm,,"{""L"": 10, ""W"": 2}",1,3,68.748,0.0,0.7159,0.0077,1395.5077,15.0854,143793.4,196.6,92167.4,0.0,22.5018,0.0,0.963,0.018,,,2.707,0.156
diskann,diskann_uint8_pq32,sift10m,warm,,"{""L"": 10, ""W"": 4}",1,3,70.136,0.0,0.5993,0.0072,1666.6299,19.6871,154266.4,373.5,127352.0,0.0,31.0918,0.0,0.814,0.009,,,2.183,0.751
diskann,diskann_uint8_pq32,sift10m,warm,,"{""L"": 20, ""W"": 1}",1,3,85.909,0.0,1.6597,0.0077,602.2542,2.8051,176869.8,118.4,114092.0,0.0,27.8545,0.0,2.003,0.009,,,4.633,0.93
diskann,diskann_uint8_pq32,sift10m,warm,,"{""L"": 20, ""W"": 2}",1,3,86.316,0.0,1.0788,0.0034,926.2783,2.9532,180513.6,273.2,129763.7,0.0,31.6806,0.0,1.328,0.004,,,3.402,0.798
diskann,diskann_uint8_pq32,sift10m,warm,,"{""L"": 20, ""W"": 4}",1,3,87.071,0.0,0.8044,0.0138,1242.0796,21.2537,189200.4,439.1,162625.9,0.0,39.7036,0.0,1.025,0.025,,,3.128,0.94
diskann,diskann_uint8_pq32,sift10m,warm,,"{""L"": 30, ""W"": 1}",1,3,92.131,0.0,2.3241,0.025,430.1252,4.6068,215302.6,157.7,153295.3,0.0,37.4256,0.0,2.658,0.05,,,6.38,0.328
diskann,diskann_uint8_pq32,sift10m,warm,,"{""L"": 30, ""W"": 2}",1,3,92.361,0.0,1.4571,0.0142,685.9199,6.7256,218357.4,262.6,168264.5,0.0,41.0802,0.0,1.703,0.04,,,4.14,1.326
diskann,diskann_uint8_pq32,sift10m,warm,,"{""L"": 30, ""W"": 4}",1,3,92.754,0.0,1.0087,0.0068,990.6346,6.6875,225486.0,86.0,199524.4,0.0,48.712,0.0,1.229,0.012,,,3.165,0.308
diskann,diskann_uint8_pq32,sift10m,warm,,"{""L"": 50, ""W"": 1}",1,3,96.579,0.0,3.6792,0.0262,271.7361,1.9334,293786.8,142.6,233340.1,0.0,56.9678,0.0,4.046,0.058,,,7.835,0.058
diskann,diskann_uint8_pq32,sift10m,warm,,"{""L"": 50, ""W"": 2}",1,3,96.663,0.0,2.2265,0.0098,448.976,1.9728,296088.4,172.9,247509.8,0.0,60.4272,0.0,2.491,0.012,,,6.097,0.061
diskann,diskann_uint8_pq32,sift10m,warm,,"{""L"": 50, ""W"": 4}",1,3,96.775,0.0,1.4458,0.0146,691.2669,6.9081,301355.4,399.0,276853.6,0.0,67.5912,0.0,1.667,0.046,,,4.101,0.529
diskann,diskann_uint8_pq32,sift10m,warm,,"{""L"": 75, ""W"": 1}",1,3,98.313,0.0,5.3561,0.0267,186.673,0.9373,392850.2,142.6,334445.8,0.0,81.6518,0.0,5.824,0.063,,,11.364,1.031
diskann,diskann_uint8_pq32,sift10m,warm,,"{""L"": 75, ""W"": 2}",1,3,98.336,0.0,3.1778,0.0157,314.6076,1.5534,394719.6,306.8,347989.2,0.0,84.9583,0.0,3.477,0.036,,,7.181,0.146
diskann,diskann_uint8_pq32,sift10m,warm,,"{""L"": 75, ""W"": 4}",1,3,98.393,0.0,2.0017,0.0102,499.3794,2.5365,398628.0,474.3,376085.7,0.0,91.8178,0.0,2.252,0.009,,,5.451,1.232
diskann,diskann_uint8_pq32,sift10m,warm,,"{""L"": 100, ""W"": 1}",1,3,99.044,0.0,7.0488,0.0134,141.8506,0.2699,492375.2,0.0,436082.7,0.0,106.4655,0.0,7.633,0.006,,,13.549,0.108
diskann,diskann_uint8_pq32,sift10m,warm,,"{""L"": 100, ""W"": 2}",1,3,99.049,0.0,4.1553,0.0042,240.61,0.2421,493772.4,184.8,449121.1,0.0,109.6487,0.0,4.53,0.035,,,8.439,0.293
diskann,diskann_uint8_pq32,sift10m,warm,,"{""L"": 100, ""W"": 4}",1,3,99.08,0.0,2.5808,0.0098,387.3531,1.465,497407.2,145.8,476332.4,0.0,116.2921,0.0,2.884,0.052,,,6.486,0.08
diskann,diskann_uint8_pq32,sift10m,warm,,"{""L"": 150, ""W"": 1}",1,3,99.573,0.0,10.4528,0.0139,95.6603,0.1266,691785.3,89.7,639861.1,0.0,156.2161,0.0,11.257,0.066,,,17.309,0.361
diskann,diskann_uint8_pq32,sift10m,warm,,"{""L"": 150, ""W"": 2}",1,3,99.581,0.0,6.1046,0.0272,163.7894,0.7274,692880.2,165.5,652358.9,0.0,159.2673,0.0,6.613,0.062,,,11.711,0.508
diskann,diskann_uint8_pq32,sift10m,warm,,"{""L"": 150, ""W"": 4}",1,3,99.594,0.0,3.7047,0.0173,269.8642,1.2545,695513.9,246.1,678380.3,0.0,165.6202,0.0,4.098,0.064,,,7.813,0.185
diskann,diskann_uint8_pq32,sift10m,warm,,"{""L"": 200, ""W"": 1}",1,3,99.752,0.0,13.8701,0.0179,72.0929,0.093,891497.3,97.5,843962.0,0.0,206.0454,0.0,14.919,0.022,,,25.434,0.378
diskann,diskann_uint8_pq32,sift10m,warm,,"{""L"": 200, ""W"": 2}",1,3,99.753,0.0,8.0672,0.0243,123.9439,0.3733,892425.4,279.7,856061.1,0.0,208.9993,0.0,8.706,0.08,,,14.326,0.477
diskann,diskann_uint8_pq32,sift10m,warm,,"{""L"": 200, ""W"": 4}",1,3,99.756,0.0,4.8633,0.2556,205.5852,10.3763,894611.9,222.4,881309.3,0.0,215.1634,0.0,5.38,0.137,,,9.275,29.683
diskann,diskann_uint8_pq32,sift10m,warm,,"{""L"": 300, ""W"": 1}",1,3,99.89,0.0,20.6198,0.041,48.4949,0.0965,1291422.5,47.9,1252669.4,0.0,305.8275,0.0,22.208,0.035,,,33.115,0.685
diskann,diskann_uint8_pq32,sift10m,warm,,"{""L"": 300, ""W"": 2}",1,3,99.889,0.0,11.9894,0.0408,83.4001,0.284,1292043.9,60.2,1264284.5,0.0,308.6632,0.0,12.912,0.075,,,22.862,4.459
diskann,diskann_uint8_pq32,sift10m,warm,,"{""L"": 300, ""W"": 4}",1,3,99.891,0.0,7.1277,0.0066,140.2803,0.1286,1293363.6,425.2,1288393.1,0.0,314.5491,0.0,7.827,0.047,,,13.138,1.439
diskann,diskann_uint8_pq64,sift10m,warm,,"{""L"": 10, ""W"": 1}",1,3,79.234,0.0,1.0288,0.0048,971.299,4.507,137997.5,70.8,74116.7,0.0,18.0949,0.0,1.363,0.002,,,3.511,0.463
diskann,diskann_uint8_pq64,sift10m,warm,,"{""L"": 10, ""W"": 2}",1,3,80.513,0.0,0.7357,0.0061,1358.016,11.3519,142441.7,76.2,90664.1,0.0,22.1348,0.0,0.986,0.009,,,2.699,0.587
diskann,diskann_uint8_pq64,sift10m,warm,,"{""L"": 10, ""W"": 4}",1,3,82.363,0.0,0.6272,0.0025,1592.6722,6.291,152632.5,131.0,125403.1,0.0,30.616,0.0,0.84,0.004,,,2.334,0.399
diskann,diskann_uint8_pq64,sift10m,warm,,"{""L"": 20, ""W"": 1}",1,3,90.859,0.0,1.6734,0.0049,597.318,1.7562,175743.4,63.9,112729.3,0.0,27.5218,0.0,2.012,0.014,,,5.287,0.668
diskann,diskann_uint8_pq64,sift10m,warm,,"{""L"": 20, ""W"": 2}",1,3,91.358,0.0,1.1037,0.0057,905.4595,4.6931,179154.9,188.4,128144.2,0.0,31.2852,0.0,1.358,0.02,,,3.683,0.094
diskann,diskann_uint8_pq64,sift10m,warm,,"{""L"": 20, ""W"": 4}",1,3,92.266,0.0,0.8358,0.0112,1195.4337,16.1047,187276.9,304.8,160723.4,0.0,39.2391,0.0,1.061,0.024,,,2.922,0.576
diskann,diskann_uint8_pq64,sift10m,warm,,"{""L"": 30, ""W"": 1}",1,3,94.519,0.0,2.3391,0.0022,427.3795,0.3962,214385.9,91.8,152135.7,0.0,37.1425,0.0,2.689,0.008,,,6.296,0.127
diskann,diskann_uint8_pq64,sift10m,warm,,"{""L"": 30, ""W"": 2}",1,3,94.757,0.0,1.4798,0.0076,675.412,3.4769,217125.3,32.8,166799.0,0.0,40.7224,0.0,1.729,0.024,,,4.415,0.286
diskann,diskann_uint8_pq64,sift10m,warm,,"{""L"": 30, ""W"": 4}",1,3,95.198,0.0,1.0483,0.0105,953.203,9.4794,223764.9,78.2,197765.9,0.0,48.2827,0.0,1.275,0.024,,,3.598,0.403
diskann,diskann_uint8_pq64,sift10m,warm,,"{""L"": 50, ""W"": 1}",1,3,97.377,0.0,3.6872,0.0206,271.1461,1.5269,292542.5,143.0,232067.5,0.0,56.6571,0.0,4.084,0.057,,,8.542,1.086
diskann,diskann_uint8_pq64,sift10m,warm,,"{""L"": 50, ""W"": 2}",1,3,97.445,0.0,2.2481,0.0118,444.6693,2.3315,294746.1,161.0,245988.1,0.0,60.0557,0.0,2.504,0.032,,,5.989,0.074
diskann,diskann_uint8_pq64,sift10m,warm,,"{""L"": 50, ""W"": 4}",1,3,97.612,0.0,1.4914,0.0042,670.1614,1.9115,299577.8,0.0,274930.5,0.0,67.1217,0.0,1.737,0.025,,,4.37,0.395
diskann,diskann_uint8_pq64,sift10m,warm,,"{""L"": 75, ""W"": 1}",1,3,98.709,0.0,5.3782,0.017,185.9054,0.5893,391706.6,0.0,333325.5,0.0,81.3783,0.0,5.887,0.032,,,10.137,0.14
diskann,diskann_uint8_pq64,sift10m,warm,,"{""L"": 75, ""W"": 2}",1,3,98.716,0.0,3.2159,0.0202,310.8756,1.9382,393216.4,247.4,346594.1,0.0,84.6177,0.0,3.531,0.105,,,7.313,0.179
diskann,diskann_uint8_pq64,sift10m,warm,,"{""L"": 75, ""W"": 4}",1,3,98.79,0.0,2.0547,0.0105,486.4887,2.4973,396885.6,284.7,374326.9,0.0,91.3884,0.0,2.334,0.038,,,5.622,0.878
diskann,diskann_uint8_pq64,sift10m,warm,,"{""L"": 100, ""W"": 1}",1,3,99.246,0.0,7.0919,0.2478,140.9881,4.7693,491166.1,43.8,434979.2,0.0,106.1961,0.0,7.738,0.133,,,13.854,23.27
diskann,diskann_uint8_pq64,sift10m,warm,,"{""L"": 100, ""W"": 2}",1,3,99.257,0.0,4.2051,0.0084,237.7621,0.4716,492400.6,0.0,447804.2,0.0,109.3272,0.0,4.605,0.027,,,8.355,0.576
diskann,diskann_uint8_pq64,sift10m,warm,,"{""L"": 100, ""W"": 4}",1,3,99.281,0.0,2.6431,0.0128,378.2279,1.8279,495568.1,3.3,474622.4,0.0,115.8746,0.0,2.999,0.06,,,6.423,0.16
diskann,diskann_uint8_pq64,sift10m,warm,,"{""L"": 150, ""W"": 1}",1,3,99.682,0.0,10.4672,0.0299,95.5279,0.2734,690375.5,65.9,638764.2,0.0,155.9483,0.0,11.311,0.022,,,17.342,3.856
diskann,diskann_uint8_pq64,sift10m,warm,,"{""L"": 150, ""W"": 2}",1,3,99.687,0.0,6.1651,0.0177,162.1805,0.4639,691327.4,33.5,651080.1,0.0,158.9551,0.0,6.727,0.05,,,11.413,0.76
diskann,diskann_uint8_pq64,sift10m,warm,,"{""L"": 150, ""W"": 4}",1,3,99.693,0.0,3.7959,0.0182,263.3858,1.2665,693557.7,177.0,676742.3,0.0,165.2203,0.0,4.275,0.081,,,8.178,0.599
diskann,diskann_uint8_pq64,sift10m,warm,,"{""L"": 200, ""W"": 1}",1,3,99.834,0.0,13.899,0.0938,71.9427,0.4848,889854.4,91.0,842908.9,0.0,205.7883,0.0,15.046,0.102,,,24.227,1.714
diskann,diskann_uint8_pq64,sift10m,warm,,"{""L"": 200, ""W"": 2}",1,3,99.838,0.0,8.1566,0.0319,122.5859,0.4801,890638.3,149.5,854899.1,0.0,208.7156,0.0,8.873,0.045,,,14.694,0.824
diskann,diskann_uint8_pq64,sift10m,warm,,"{""L"": 200, ""W"": 4}",1,3,99.841,0.0,4.9405,0.0014,202.3721,0.0587,892201.4,360.0,879770.0,0.0,214.7876,0.0,5.514,0.027,,,9.414,0.168
diskann,diskann_uint8_pq64,sift10m,warm,,"{""L"": 300, ""W"": 1}",1,3,99.932,0.0,20.6964,0.0178,48.3152,0.0415,1289289.7,127.4,1251629.5,0.0,305.5736,0.0,22.346,0.116,,,32.818,1.333
diskann,diskann_uint8_pq64,sift10m,warm,,"{""L"": 300, ""W"": 2}",1,3,99.933,0.0,12.1178,0.3154,82.5164,2.0947,1289823.0,0.0,1263135.9,0.0,308.3828,0.0,13.184,0.082,,,20.536,59.077
diskann,diskann_uint8_pq64,sift10m,warm,,"{""L"": 300, ""W"": 4}",1,3,99.933,0.0,7.2594,0.0172,137.7353,0.3258,1291114.1,281.8,1286966.1,0.0,314.2007,0.0,8.078,0.051,,,12.887,0.871
tapeann,tape_int8,sift10m,ram_capped_1p5gb,1610612736,"{""probes"": 10}",1,3,75.678,0.0,0.4991,0.0128,2003.7387,52.147,228808.7,319.9,1834845.4,0.0,10.0,0.0,0.9048,0.0254,1.3485,0.0351,2.0802,0.0548
tapeann,tape_int8,sift10m,ram_capped_1p5gb,1610612736,"{""probes"": 15}",1,3,81.961,0.0,0.6306,0.0067,1585.9105,16.7947,276142.1,31.5,2728652.4,0.0,15.0,0.0,1.0837,0.0315,1.5826,0.0585,2.6428,0.1209
tapeann,tape_int8,sift10m,ram_capped_1p5gb,1610612736,"{""probes"": 20}",1,3,85.753,0.0,0.753,0.0144,1328.077,25.3515,321334.5,387.8,3614573.4,0.0,20.0,0.0,1.2662,0.0421,1.829,0.0379,2.9041,0.073
tapeann,tape_int8,sift10m,ram_capped_1p5gb,1610612736,"{""probes"": 25}",1,3,88.353,0.0,0.9238,0.026,1082.5306,30.5137,373157.9,717.2,4490868.3,0.0,25.0,0.0,1.5471,0.0392,2.2775,0.0777,3.3358,0.3411
tapeann,tape_int8,sift10m,ram_capped_1p5gb,1610612736,"{""probes"": 30}",1,3,90.128,0.0,1.0542,0.0159,948.5987,14.1334,426047.9,4963.9,5360564.6,0.0,30.0,0.0,1.7807,0.0422,2.6016,0.0969,3.7532,0.1212
tapeann,tape_int8,sift10m,ram_capped_1p5gb,1610612736,"{""probes"": 35}",1,3,91.499,0.0,1.2089,0.0121,827.2052,8.2404,479676.8,545.5,6224980.4,0.0,35.0,0.0,2.0385,0.0402,2.9357,0.1914,4.1455,0.512
tapeann,tape_int8,sift10m,ram_capped_1p5gb,1610612736,"{""probes"": 40}",1,3,92.549,0.0,1.3641,0.0132,733.0681,7.1624,553481.8,3668.0,7084514.9,0.0,40.0,0.0,2.2992,0.015,3.3037,0.0597,4.4125,0.5696
tapeann,tape_int8,sift10m,ram_capped_1p5gb,1610612736,"{""probes"": 50}",1,3,94.044,0.0,1.6824,0.0254,594.3805,8.8794,663851.8,7582.5,8788229.7,0.0,50.0,0.0,2.8173,0.0446,4.0136,0.138,5.5349,0.3098
tapeann,tape_int8,sift10m,ram_capped_1p5gb,1610612736,"{""probes"": 70}",1,3,95.858,0.0,2.3854,0.0063,419.213,1.1076,965229.4,772.1,12156692.1,0.0,70.0,0.0,3.9247,0.0169,5.4816,0.1062,6.9999,0.6451
tapeann,tape_int8,sift10m,ram_capped_1p5gb,1610612736,"{""probes"": 100}",1,3,97.158,0.0,3.4939,0.0285,286.2144,2.3413,1527214.5,1526818.4,17136076.4,0.0,100.0,0.0,5.5723,0.0961,7.1856,0.1581,9.7131,1.0048
tapeann,tape_int8,sift10m,ram_capped_1p5gb,1610612736,"{""probes"": 150}",1,3,98.029,0.0,5.4541,0.0784,183.348,2.627,2808870.5,3408.7,25298538.5,0.0,150.0,0.0,8.1244,0.1215,10.0151,0.1213,12.6261,1.5039
tapeann,tape_int8,sift10m,ram_capped_1p5gb,1610612736,"{""probes"": 200}",1,3,98.409,0.0,7.4455,0.0793,134.3094,1.4172,4511187.8,4517777.8,33347978.9,0.0,200.0,0.0,10.8191,0.1138,12.7845,0.0888,15.3721,0.9105
tapeann,tape_int8,sift10m,ram_capped_1p5gb,1610612736,"{""probes"": 300}",1,3,98.704,0.0,11.5576,0.0574,86.523,0.4303,9535770.2,9508461.3,49240021.4,0.0,300.0,0.0,16.1723,0.1214,18.4645,0.0518,21.9815,1.7851
tapeann,tape_int8,sift10m,ram_capped_1p5gb,1610612736,"{""probes"": 500}",1,3,98.853,0.0,20.8887,0.0318,47.8727,0.0729,27364986.9,64101.2,80516422.9,0.0,500.0,0.0,28.8707,0.0655,34.6431,1.2147,52.4565,2.8652
tapeann,tape_int8,sift10m,ram_capped_1p5gb,1610612736,"{""probes"": 750}",1,3,98.881,0.0,40.5107,0.3522,24.6848,0.2148,86248601.2,690522.5,119079824.6,0.0,750.0,0.0,66.3333,0.9217,95.8974,5.2726,139.6627,9.4729
tapeann,tape_int8,sift10m,ram_capped_1p5gb,1610612736,"{""probes"": 1000}",1,3,98.889,0.0,75.3032,0.6961,13.2796,0.123,213477892.9,3478659.0,157302132.7,0.0,1000.0,0.0,135.3327,2.9224,183.7935,10.1727,262.3233,9.7155
diskann,diskann_fp32_pq64,sift10m,ram_capped_1p5gb,1610612736,"{""L"": 10, ""W"": 1}",1,3,79.128,0.0,1.3501,0.0206,740.2939,11.377,140585.4,91.4,73893.1,0.0,18.0403,0.0,1.684,0.005,,,6.499,4.709
diskann,diskann_fp32_pq64,sift10m,ram_capped_1p5gb,1610612736,"{""L"": 10, ""W"": 2}",1,3,80.444,0.0,0.9917,0.004,1007.6615,4.0814,156828.1,84.4,90361.4,0.0,22.0609,0.0,1.263,0.009,,,3.62,0.239
diskann,diskann_fp32_pq64,sift10m,ram_capped_1p5gb,1610612736,"{""L"": 10, ""W"": 4}",1,3,82.401,0.0,0.8966,0.0106,1114.4701,13.067,191860.3,234.7,125155.3,0.0,30.5555,0.0,1.128,0.028,,,3.336,0.367
diskann,diskann_fp32_pq64,sift10m,ram_capped_1p5gb,1610612736,"{""L"": 20, ""W"": 1}",1,3,90.878,0.0,2.072,0.0346,482.4553,8.1122,179227.9,68.8,112566.3,0.0,27.482,0.0,2.376,0.021,,,12.11,36.124
diskann,diskann_fp32_pq64,sift10m,ram_capped_1p5gb,1610612736,"{""L"": 20, ""W"": 2}",1,3,91.39,0.0,1.374,0.0059,727.3983,3.0895,194517.4,119.1,127905.4,0.0,31.2269,0.0,1.645,0.004,,,4.764,1.359
diskann,diskann_fp32_pq64,sift10m,ram_capped_1p5gb,1610612736,"{""L"": 20, ""W"": 4}",1,3,92.312,0.0,1.1162,0.0071,895.3409,5.7242,227152.3,70.1,160444.4,0.0,39.171,0.0,1.38,0.021,,,4.02,0.66
diskann,diskann_fp32_pq64,sift10m,ram_capped_1p5gb,1610612736,"{""L"": 30, ""W"": 1}",1,3,94.566,0.0,2.7271,0.0447,366.5813,5.9603,218596.6,34.4,151937.0,0.0,37.094,0.0,3.035,0.027,,,13.849,6.593
diskann,diskann_fp32_pq64,sift10m,ram_capped_1p5gb,1610612736,"{""L"": 30, ""W"": 2}",1,3,94.781,0.0,1.764,0.0054,566.6598,1.7313,233066.1,70.0,166566.7,0.0,40.6657,0.0,2.047,0.028,,,5.386,0.381
diskann,diskann_fp32_pq64,sift10m,ram_capped_1p5gb,1610612736,"{""L"": 30, ""W"": 4}",1,3,95.183,0.0,1.3363,0.0098,747.9142,5.5333,264098.6,0.4,197390.7,0.0,48.1911,0.0,1.596,0.019,,,4.713,0.428
diskann,diskann_fp32_pq64,sift10m,ram_capped_1p5gb,1610612736,"{""L"": 50, ""W"": 1}",1,3,97.409,0.0,4.0934,0.0595,244.2482,3.5477,298493.1,137.2,231785.3,0.0,56.5882,0.0,4.418,0.031,,,13.424,0.958
diskann,diskann_fp32_pq64,sift10m,ram_capped_1p5gb,1610612736,"{""L"": 50, ""W"": 2}",1,3,97.467,0.0,2.5413,0.0107,393.3816,1.6601,312403.1,143.3,245695.3,0.0,59.9842,0.0,2.826,0.026,,,6.615,0.133
diskann,diskann_fp32_pq64,sift10m,ram_capped_1p5gb,1610612736,"{""L"": 50, ""W"": 4}",1,3,97.624,0.0,1.7843,0.0311,560.2092,9.7439,341363.5,242.9,274655.6,0.0,67.0546,0.0,2.062,0.114,,,5.888,0.725
diskann,diskann_fp32_pq64,sift10m,ram_capped_1p5gb,1610612736,"{""L"": 75, ""W"": 1}",1,3,98.723,0.0,5.8453,0.0345,171.0533,1.007,399740.9,125.3,333033.1,0.0,81.3069,0.0,6.246,0.046,,,23.415,39.46
diskann,diskann_fp32_pq64,sift10m,ram_capped_1p5gb,1610612736,"{""L"": 75, ""W"": 2}",1,3,98.739,0.0,3.5154,0.0072,284.4009,0.5795,413026.7,283.4,346318.8,0.0,84.5505,0.0,3.848,0.033,,,7.632,0.258
diskann,diskann_fp32_pq64,sift10m,ram_capped_1p5gb,1610612736,"{""L"": 75, ""W"": 4}",1,3,98.801,0.0,2.3417,0.006,426.9023,1.0901,440549.0,195.8,374020.5,0.0,91.3136,0.0,2.626,0.012,,,6.387,1.458
diskann,diskann_fp32_pq64,sift10m,ram_capped_1p5gb,1610612736,"{""L"": 100, ""W"": 1}",1,3,99.26,0.0,7.6032,0.0735,131.5093,1.273,501434.8,71.3,434739.6,0.0,106.1376,0.0,8.098,0.043,,,22.049,49.57
diskann,diskann_fp32_pq64,sift10m,ram_capped_1p5gb,1610612736,"{""L"": 100, ""W"": 2}",1,3,99.278,0.0,4.5207,0.0495,221.1656,2.406,514099.6,246.6,447564.6,0.0,109.2687,0.0,4.907,0.127,,,9.802,2.25
diskann,diskann_fp32_pq64,sift10m,ram_capped_1p5gb,1610612736,"{""L"": 100, ""W"": 4}",1,3,99.301,0.0,2.9427,0.0236,339.734,2.7086,541064.0,251.1,474356.1,0.0,115.8096,0.0,3.292,0.096,,,7.155,0.319
diskann,diskann_fp32_pq64,sift10m,ram_capped_1p5gb,1610612736,"{""L"": 150, ""W"": 1}",1,3,99.682,0.0,11.0812,0.1786,90.2354,1.4401,705268.5,150.8,638560.7,0.0,155.8986,0.0,11.78,0.08,,,30.982,64.714
diskann,diskann_fp32_pq64,sift10m,ram_capped_1p5gb,1610612736,"{""L"": 150, ""W"": 2}",1,3,99.688,0.0,6.5246,0.0355,153.2463,0.8384,717531.1,267.1,650841.3,0.0,158.8968,0.0,7.055,0.05,,,12.787,0.778
diskann,diskann_fp32_pq64,sift10m,ram_capped_1p5gb,1610612736,"{""L"": 150, ""W"": 4}",1,3,99.692,0.0,4.0816,0.0201,244.9496,1.2043,743021.0,491.5,676480.6,0.0,165.1564,0.0,4.555,0.041,,,9.531,0.528
diskann,diskann_fp32_pq64,sift10m,ram_capped_1p5gb,1610612736,"{""L"": 200, ""W"": 1}",1,3,99.827,0.0,14.6614,0.0438,68.2022,0.2032,909306.3,114.6,842708.6,0.0,205.7394,0.0,15.543,0.027,,,76.387,28.63
diskann,diskann_fp32_pq64,sift10m,ram_capped_1p5gb,1610612736,"{""L"": 200, ""W"": 2}",1,3,99.829,0.0,8.4627,0.053,118.1532,0.7362,921208.4,149.9,854631.2,0.0,208.6502,0.0,9.16,0.07,,,17.472,3.114
diskann,diskann_fp32_pq64,sift10m,ram_capped_1p5gb,1610612736,"{""L"": 200, ""W"": 4}",1,3,99.833,0.0,5.2661,0.0427,189.863,1.5421,946206.3,459.6,879498.4,0.0,214.7213,0.0,5.807,0.065,,,11.368,3.034
diskann,diskann_fp32_pq64,sift10m,ram_capped_1p5gb,1610612736,"{""L"": 300, ""W"": 1}",1,3,99.925,0.0,21.6519,0.0868,46.1833,0.1851,1318188.6,36.4,1251497.2,0.0,305.5413,0.0,23.032,0.095,,,96.229,25.938
diskann,diskann_fp32_pq64,sift10m,ram_capped_1p5gb,1610612736,"{""L"": 300, ""W"": 2}",1,3,99.925,0.0,12.4152,0.0743,80.5408,0.4801,1329526.0,96.7,1262893.9,0.0,308.3237,0.0,13.338,0.075,,,24.159,3.319
diskann,diskann_fp32_pq64,sift10m,ram_capped_1p5gb,1610612736,"{""L"": 300, ""W"": 4}",1,3,99.926,0.0,7.5796,0.0171,131.9176,0.2981,1353388.0,1352765.8,1286679.8,0.0,314.1308,0.0,8.345,0.064,,,14.9,1.947
diskann,diskann_uint8_pq32,sift10m,ram_capped_1p5gb,1610612736,"{""L"": 10, ""W"": 1}",1,3,68.038,0.0,1.3485,0.0232,741.2031,12.7273,109806.8,32.4,75481.1,0.0,18.428,0.0,1.691,0.029,,,5.418,0.627
diskann,diskann_uint8_pq32,sift10m,ram_capped_1p5gb,1610612736,"{""L"": 10, ""W"": 2}",1,3,68.748,0.0,0.9902,0.0056,1009.231,5.7186,126351.4,224.8,92167.4,0.0,22.5018,0.0,1.265,0.015,,,3.65,0.573
diskann,diskann_uint8_pq32,sift10m,ram_capped_1p5gb,1610612736,"{""L"": 10, ""W"": 4}",1,3,70.136,0.0,0.9164,0.0027,1090.3406,3.1744,161389.8,423.1,127352.0,0.0,31.0918,0.0,1.153,0.007,,,3.309,0.065
diskann,diskann_uint8_pq32,sift10m,ram_capped_1p5gb,1610612736,"{""L"": 20, ""W"": 1}",1,3,85.909,0.0,2.0288,0.0518,492.7242,12.6763,148378.0,197.0,114092.0,0.0,27.8545,0.0,2.37,0.03,,,10.311,37.708
diskann,diskann_uint8_pq32,sift10m,ram_capped_1p5gb,1610612736,"{""L"": 20, ""W"": 2}",1,3,86.316,0.0,1.3736,0.0088,727.6092,4.689,164093.5,165.5,129763.7,0.0,31.6806,0.0,1.664,0.006,,,5.078,0.759
diskann,diskann_uint8_pq32,sift10m,ram_capped_1p5gb,1610612736,"{""L"": 20, ""W"": 4}",1,3,87.071,0.0,1.126,0.0055,887.5295,4.3019,196996.3,172.4,162625.9,0.0,39.7036,0.0,1.376,0.016,,,4.05,0.428
diskann,diskann_uint8_pq32,sift10m,ram_capped_1p5gb,1610612736,"{""L"": 30, ""W"": 1}",1,3,92.131,0.0,2.6957,0.0554,370.8506,7.581,187540.7,187191.7,153295.3,0.0,37.4256,0.0,3.006,0.033,,,11.408,6.193
diskann,diskann_uint8_pq32,sift10m,ram_capped_1p5gb,1610612736,"{""L"": 30, ""W"": 2}",1,3,92.361,0.0,1.7476,0.0022,571.9613,0.7225,202494.8,302.7,168264.5,0.0,41.0802,0.0,2.02,0.019,,,5.533,0.639
diskann,diskann_uint8_pq32,sift10m,ram_capped_1p5gb,1610612736,"{""L"": 30, ""W"": 4}",1,3,92.754,0.0,1.3407,0.008,745.4563,4.4106,233519.1,469.8,199524.4,0.0,48.712,0.0,1.602,0.017,,,4.321,0.344
diskann,diskann_uint8_pq32,sift10m,ram_capped_1p5gb,1610612736,"{""L"": 50, ""W"": 1}",1,3,96.579,0.0,4.0936,0.0096,244.2372,0.5751,267606.0,104.8,233340.1,0.0,56.9678,0.0,4.419,0.057,,,39.287,17.847
diskann,diskann_uint8_pq32,sift10m,ram_capped_1p5gb,1610612736,"{""L"": 50, ""W"": 2}",1,3,96.663,0.0,2.5223,0.0024,396.3361,0.3823,281674.5,333.0,247509.8,0.0,60.4272,0.0,2.801,0.025,,,6.498,0.855
diskann,diskann_uint8_pq32,sift10m,ram_capped_1p5gb,1610612736,"{""L"": 50, ""W"": 4}",1,3,96.775,0.0,1.7832,0.0007,560.5421,0.2349,310945.4,193.8,276853.6,0.0,67.5912,0.0,2.028,0.021,,,5.701,0.696
diskann,diskann_uint8_pq32,sift10m,ram_capped_1p5gb,1610612736,"{""L"": 75, ""W"": 1}",1,3,98.313,0.0,5.8127,0.0429,172.0125,1.2714,368701.0,143.8,334445.8,0.0,81.6518,0.0,6.146,0.061,,,36.009,17.113
diskann,diskann_uint8_pq32,sift10m,ram_capped_1p5gb,1610612736,"{""L"": 75, ""W"": 2}",1,3,98.336,0.0,3.4898,0.0052,286.481,0.4221,382321.9,263.3,347989.2,0.0,84.9583,0.0,3.801,0.008,,,8.503,0.124
diskann,diskann_uint8_pq32,sift10m,ram_capped_1p5gb,1610612736,"{""L"": 75, ""W"": 4}",1,3,98.393,0.0,2.3426,0.0069,426.7298,1.2633,410398.3,315.0,376085.7,0.0,91.8178,0.0,2.62,0.018,,,6.548,0.539
diskann,diskann_uint8_pq32,sift10m,ram_capped_1p5gb,1610612736,"{""L"": 100, ""W"": 1}",1,3,99.044,0.0,7.5405,0.0783,132.6016,1.3693,470332.2,99.9,436082.7,0.0,106.4655,0.0,7.963,0.055,,,55.907,33.277
diskann,diskann_uint8_pq32,sift10m,ram_capped_1p5gb,1610612736,"{""L"": 100, ""W"": 2}",1,3,99.049,0.0,4.487,0.0205,222.8243,1.0197,483284.6,292.1,449121.1,0.0,109.6487,0.0,4.877,0.069,,,9.809,1.021
diskann,diskann_uint8_pq32,sift10m,ram_capped_1p5gb,1610612736,"{""L"": 100, ""W"": 4}",1,3,99.08,0.0,2.9206,0.0026,342.2991,0.2994,510486.9,257.2,476332.4,0.0,116.2921,0.0,3.23,0.028,,,7.281,1.614
diskann,diskann_uint8_pq32,sift10m,ram_capped_1p5gb,1610612736,"{""L"": 150, ""W"": 1}",1,3,99.573,0.0,11.023,0.0286,90.7125,0.2354,674231.5,178.6,639861.1,0.0,156.2161,0.0,11.619,0.045,,,80.874,13.33
diskann,diskann_uint8_pq32,sift10m,ram_capped_1p5gb,1610612736,"{""L"": 150, ""W"": 2}",1,3,99.581,0.0,6.4384,0.0062,155.2986,0.149,686629.7,326.8,652358.9,0.0,159.2673,0.0,6.947,0.041,,,12.335,0.921
diskann,diskann_uint8_pq32,sift10m,ram_capped_1p5gb,1610612736,"{""L"": 150, ""W"": 4}",1,3,99.594,0.0,4.0559,0.1044,246.5025,6.2001,712250.6,367.4,678380.3,0.0,165.6202,0.0,4.461,0.109,,,8.766,17.381
diskann,diskann_uint8_pq32,sift10m,ram_capped_1p5gb,1610612736,"{""L"": 200, ""W"": 1}",1,3,99.752,0.0,14.5252,0.0287,68.8414,0.1357,878231.1,110.6,843962.0,0.0,206.0454,0.0,15.361,0.03,,,87.712,45.973
diskann,diskann_uint8_pq32,sift10m,ram_capped_1p5gb,1610612736,"{""L"": 200, ""W"": 2}",1,3,99.753,0.0,8.397,0.0141,119.077,0.1989,890424.1,29.5,856061.1,0.0,208.9993,0.0,9.047,0.035,,,15.25,0.701
diskann,diskann_uint8_pq32,sift10m,ram_capped_1p5gb,1610612736,"{""L"": 200, ""W"": 4}",1,3,99.756,0.0,5.184,0.025,192.8688,0.9294,915679.6,231.1,881309.3,0.0,215.1634,0.0,5.661,0.067,,,11.334,0.922
diskann,diskann_uint8_pq32,sift10m,ram_capped_1p5gb,1610612736,"{""L"": 300, ""W"": 1}",1,3,99.89,0.0,21.4922,0.0052,46.5263,0.0113,1286939.4,154.4,1252669.4,0.0,305.8275,0.0,22.787,0.099,,,115.24,20.083
diskann,diskann_uint8_pq32,sift10m,ram_capped_1p5gb,1610612736,"{""L"": 300, ""W"": 2}",1,3,99.889,0.0,12.3277,0.0094,81.1118,0.0621,1298654.0,4.5,1264284.5,0.0,308.6632,0.0,13.208,0.034,,,22.033,0.762
diskann,diskann_uint8_pq32,sift10m,ram_capped_1p5gb,1610612736,"{""L"": 300, ""W"": 4}",1,3,99.891,0.0,7.4734,0.0137,133.7922,0.2448,1322483.7,492.0,1288393.1,0.0,314.5491,0.0,8.197,0.085,,,14.128,2.175
diskann,diskann_uint8_pq64,sift10m,ram_capped_1p5gb,1610612736,"{""L"": 10, ""W"": 1}",1,3,79.234,0.0,1.3371,0.0242,747.4711,13.3304,140473.5,116.7,74116.7,0.0,18.0949,0.0,1.693,0.032,,,5.539,0.763
diskann,diskann_uint8_pq64,sift10m,ram_capped_1p5gb,1610612736,"{""L"": 10, ""W"": 2}",1,3,80.513,0.0,1.0142,0.0091,985.2972,8.85,157032.4,0.0,90664.1,0.0,22.1348,0.0,1.296,0.025,,,3.591,0.233
diskann,diskann_uint8_pq64,sift10m,ram_capped_1p5gb,1610612736,"{""L"": 10, ""W"": 4}",1,3,82.363,0.0,0.9457,0.0026,1056.6318,2.9375,191729.7,135.6,125403.1,0.0,30.616,0.0,1.186,0.005,,,3.865,0.252
diskann,diskann_uint8_pq64,sift10m,ram_capped_1p5gb,1610612736,"{""L"": 20, ""W"": 1}",1,3,90.859,0.0,2.0581,0.0527,485.7073,12.6053,179075.1,178622.1,112729.3,0.0,27.5218,0.0,2.367,0.055,,,7.745,1.751
diskann,diskann_uint8_pq64,sift10m,ram_capped_1p5gb,1610612736,"{""L"": 20, ""W"": 2}",1,3,91.358,0.0,1.391,0.0148,718.502,7.5876,194495.7,180.3,128144.2,0.0,31.2852,0.0,1.675,0.041,,,4.641,0.073
diskann,diskann_uint8_pq64,sift10m,ram_capped_1p5gb,1610612736,"{""L"": 20, ""W"": 4}",1,3,92.266,0.0,1.157,0.0124,863.7787,9.2951,227094.5,26.2,160723.4,0.0,39.2391,0.0,1.415,0.032,,,4.106,0.709
diskann,diskann_uint8_pq64,sift10m,ram_capped_1p5gb,1610612736,"{""L"": 30, ""W"": 1}",1,3,94.519,0.0,2.7661,0.0229,361.4171,2.9779,218504.8,105.6,152135.7,0.0,37.1425,0.0,3.1,0.032,,,48.802,20.688
diskann,diskann_uint8_pq64,sift10m,ram_capped_1p5gb,1610612736,"{""L"": 30, ""W"": 2}",1,3,94.757,0.0,1.7712,0.0286,564.3433,9.0487,233000.1,37.3,166799.0,0.0,40.7224,0.0,2.043,0.059,,,5.086,1.071
diskann,diskann_uint8_pq64,sift10m,ram_capped_1p5gb,1610612736,"{""L"": 30, ""W"": 4}",1,3,95.198,0.0,1.369,0.0095,730.0434,5.0493,264137.1,160.1,197765.9,0.0,48.2827,0.0,1.615,0.024,,,4.866,0.853
diskann,diskann_uint8_pq64,sift10m,ram_capped_1p5gb,1610612736,"{""L"": 50, ""W"": 1}",1,3,97.377,0.0,4.1123,0.0628,243.1224,3.7082,298439.1,117.2,232067.5,0.0,56.6571,0.0,4.431,0.044,,,22.23,30.039
diskann,diskann_uint8_pq64,sift10m,ram_capped_1p5gb,1610612736,"{""L"": 50, ""W"": 2}",1,3,97.445,0.0,2.5569,0.0421,390.9803,6.3566,312359.3,0.4,245988.1,0.0,60.0557,0.0,2.824,0.072,,,7.188,2.963
diskann,diskann_uint8_pq64,sift10m,ram_capped_1p5gb,1610612736,"{""L"": 50, ""W"": 4}",1,3,97.612,0.0,1.8174,0.0062,549.9894,1.8909,341198.8,153.2,274930.5,0.0,67.1217,0.0,2.076,0.021,,,5.617,0.292
diskann,diskann_uint8_pq64,sift10m,ram_capped_1p5gb,1610612736,"{""L"": 75, ""W"": 1}",1,3,98.709,0.0,5.8812,0.0194,170.0099,0.5616,399696.3,71.3,333325.5,0.0,81.3783,0.0,6.29,0.087,,,44.634,31.761
diskann,diskann_uint8_pq64,sift10m,ram_capped_1p5gb,1610612736,"{""L"": 75, ""W"": 2}",1,3,98.716,0.0,3.5405,0.0078,282.3812,0.6247,412965.3,412276.3,346594.1,0.0,84.6177,0.0,3.877,0.011,,,7.767,0.076
diskann,diskann_uint8_pq64,sift10m,ram_capped_1p5gb,1610612736,"{""L"": 75, ""W"": 4}",1,3,98.79,0.0,2.396,0.0151,417.2248,2.6307,440331.1,326.0,374326.9,0.0,91.3884,0.0,2.7,0.074,,,6.975,0.52
diskann,diskann_uint8_pq64,sift10m,ram_capped_1p5gb,1610612736,"{""L"": 100, ""W"": 1}",1,3,99.246,0.0,7.6208,0.0257,131.2047,0.4422,501340.2,125.3,434979.2,0.0,106.1961,0.0,8.089,0.036,,,66.157,28.117
diskann,diskann_uint8_pq64,sift10m,ram_capped_1p5gb,1610612736,"{""L"": 100, ""W"": 2}",1,3,99.257,0.0,4.5404,0.0293,220.2059,1.4233,513944.8,275.3,447804.2,0.0,109.3272,0.0,4.946,0.048,,,10.205,0.745
diskann,diskann_uint8_pq64,sift10m,ram_capped_1p5gb,1610612736,"{""L"": 100, ""W"": 4}",1,3,99.281,0.0,2.9768,0.0153,335.8372,1.7186,540806.8,345.3,474622.4,0.0,115.8746,0.0,3.334,0.044,,,7.733,0.782
diskann,diskann_uint8_pq64,sift10m,ram_capped_1p5gb,1610612736,"{""L"": 150, ""W"": 1}",1,3,99.682,0.0,11.1151,0.0271,89.9606,0.2198,705135.8,145.8,638764.2,0.0,155.9483,0.0,11.809,0.085,,,62.205,26.153
diskann,diskann_uint8_pq64,sift10m,ram_capped_1p5gb,1610612736,"{""L"": 150, ""W"": 2}",1,3,99.687,0.0,6.5347,0.0158,153.0096,0.3706,717451.7,0.8,651080.1,0.0,158.9551,0.0,7.141,0.035,,,12.736,2.422
diskann,diskann_uint8_pq64,sift10m,ram_capped_1p5gb,1610612736,"{""L"": 150, ""W"": 4}",1,3,99.693,0.0,4.1363,0.0256,241.7136,1.5017,743113.5,54.9,676742.3,0.0,165.2203,0.0,4.565,0.058,,,9.427,1.924
diskann,diskann_uint8_pq64,sift10m,ram_capped_1p5gb,1610612736,"{""L"": 200, ""W"": 1}",1,3,99.834,0.0,14.6064,0.0684,68.4587,0.3197,909169.9,113.5,842908.9,0.0,205.7883,0.0,15.496,0.061,,,82.842,16.651
diskann,diskann_uint8_pq64,sift10m,ram_capped_1p5gb,1610612736,"{""L"": 200, ""W"": 2}",1,3,99.838,0.0,8.4886,0.0336,117.7928,0.4646,921248.2,206.9,854899.1,0.0,208.7156,0.0,9.198,0.024,,,15.579,2.641
diskann,diskann_uint8_pq64,sift10m,ram_capped_1p5gb,1610612736,"{""L"": 200, ""W"": 4}",1,3,99.841,0.0,5.2968,0.0262,188.7636,0.9383,945805.3,945582.5,879770.0,0.0,214.7876,0.0,5.862,0.108,,,12.506,1.511
diskann,diskann_uint8_pq64,sift10m,ram_capped_1p5gb,1610612736,"{""L"": 300, ""W"": 1}",1,3,99.932,0.0,21.6363,0.0375,46.2165,0.0801,1318001.0,61.5,1251629.5,0.0,305.5736,0.0,22.962,0.232,,,92.093,21.345
diskann,diskann_uint8_pq64,sift10m,ram_capped_1p5gb,1610612736,"{""L"": 300, ""W"": 2}",1,3,99.933,0.0,12.4723,0.0471,80.1718,0.3036,1329465.3,293.7,1263135.9,0.0,308.3828,0.0,13.433,0.055,,,24.076,0.635
diskann,diskann_uint8_pq64,sift10m,ram_capped_1p5gb,1610612736,"{""L"": 300, ""W"": 4}",1,3,99.933,0.0,7.5874,0.0259,131.7818,0.4501,1353337.7,0.0,1286966.1,0.0,314.2007,0.0,8.377,0.048,,,15.671,2.273
